{
  "nodes": [
    {
      "id": "Project Node: Bitcoin BTC",
      "Rank": "1",
      "Name": "Bitcoin BTC",
      "Price": "$96,104",
      "Market Cap": "$1,906.88 B",
      "Trading Volume (24h)": "$ 84,328,909,967.014",
      "FDV": "$2,018.18 B",
      "Tag": "Digital Currency、PoW",
      "Hyperlink": "https://www.rootdata.com/Projects/detail/Bitcoin?k=Mg%3D%3D",
      "Logo URL": "https://public.rootdata.com/images/b6/1666341517173.jpg",
      "Description": "Decentralized digital currency",
      "Official Links": "https://bitcoin.org/, https://x.com/Bitcoin, https://github.com/bitcoin/bitcoin, https://bitcoin.org/bitcoin.pdf, https://coinmarketcap.com/currencies/bitcoin/, https://www.coingecko.com/en/coins/bitcoin, https://defillama.com/chain/Bitcoin",
      "Details": "Bitcoin is a decentralized digital currency without a central bank or single administrator. It can be sent from user to user on the peer-to-peer bitcoin network without the need for intermediaries. Transactions are verified by network nodes through cryptography and recorded in a public distributed ledger called a blockchain. The cryptocurrency was invented in 2008 by an unknown person or group of people using the name Satoshi Nakamoto. Its implementation was released as open-source software in 2009 and began to be used then.",
      "Founded Date": "2008",
      "Funders": "No record",
      "Ecology": "NaN",
      "Related News Links": "https://decrypt.co/227229/bitcoin-halving-live-new-era-btc, https://www.coindesk.com/markets/2024/03/04/bitcoin-tops-67k-nearing-silvers-138t-market-cap/?utm_medium=referral&utm_source=feedly&utm_campaign=headlines, https://www.coindesk.com/business/2024/01/10/bitcoin-etfs-win-sec-approval-bringing-easier-access-to-biggest-cryptocurrency/, https://messari.io/article/state-of-bitcoin-q4-2023, https://www.coindesk.com/tech/2023/12/06/bitcoin-cores-v260-upgrade-aims-to-impede-eavesdropping-tampering/?utm_medium=referral&utm_source=feedly&utm_campaign=headlines, https://www.theblock.co/post/265856/bitcoin-price-briefly-breaks-42000-back-to-pre-terra-crash-level, https://www.theblock.co/post/264627/bitcoin-price-breaks-past-38000-carried-on-by-etf-hype, https://cointelegraph.com/news/bitcoin-btc-price-breaks-34000-etf-excitement-grows",
      "Twitter": "@Bitcoin",
      "Followers": "6.8 M",
      "Following": "6.8 M",
      "Influence Index": "3705.0",
      "Team Members": "No record",
      "Significant Events": "Aug 25, 2017 - Bitcoin mainnet upgraded to support Segregated Witness",
      "Similar Projects": "#Litecoin, #Decred, #Bitcoin SV, #Verge, #Bitcoin Gold, #FACT0RN, #Raptoreum, #eCash"
    }, 
    {
      "id": "Project Node: Ethereum ETH",
      "Rank": "2",
      "Name": "Ethereum ETH",
      "Price": "$3,568.44",
      "Market Cap": "$431.04 B",
      "Trading Volume (24h)": "$ 47,367,072,904.068",
      "FDV": "$429.76 B",
      "Tag": "Infra、Layer1",
      "Hyperlink": "https://www.rootdata.com/Projects/detail/Ethereum?k=MTI%3D",
      "Logo URL": "https://public.rootdata.com/images/b6/1703249591096.jpg",
      "Description": "The first blockchain with smart contract functionality",
      "Official Links": "https://www.ethereum.org/, https://x.com/ethereum, https://github.com/ethereum/go-ethereum, https://github.com/ethereum/wiki/wiki/White-Paper, https://blog.ethereum.org/, https://coinmarketcap.com/currencies/ethereum/, https://www.coingecko.com/en/coins/ethereum, https://defillama.com/chain/Ethereum",
      "Details": "Ethereum is the first decentralized, open-source blockchain with smart contract functionality. It was initially described in a white paper by Vitalik Buterin in late 2013 and launched in 2015. This network serves as the foundation for an ecosystem of interoperable, decentralized applications (dApps) powered by token economies and automated smart contracts. Assets and applications designed on Ethereum are built with self-executing smart contracts that eliminate the need for a central authority or intermediary.  The network is powered by its native cryptocurrency ether (ETH), which is used to pay transaction fees. Ethereum has the characteristics of being open-source, programmable, private, and censorship-resistant, forming the backbone of a decentralized internet.",
      "Founded Date": "2013",
      "Funders": "Vitalik Buterin, Joseph Lubin, Amir Chetrit, Mihai Alisie, Charles Hoskinson, Anthony Di Iorio, Fenbushi Capital",
      "Ecology": "NaN",
      "Related News Links": "https://blockworks.co/news/ethereum-foundation-treasury-management-concerns, https://thedefiant.io/news/tradfi-and-fintech/u-s-securities-regulator-approves-spot-ether-etfs-in-landmark-decision, https://decrypt.co/221345/dencun-upgrade-goes-live-ushering-in-new-era-for-ethereum, https://www.theblock.co/post/274626/ether-options-monthly-trading-volume-hits-all-time-high-in-january, https://thedefiant.io/eth-s-supply-tags-new-post-merge-low-amid-surging-on-chain-activity, https://www.cnbc.com/2023/09/17/its-been-one-year-since-the-ethereum-merge-heres-how-the-network-is-doing-on-its-goals.html, https://www.coindesk.com/tech/2022/09/15/the-ethereum-merge-is-done-did-it-work/, https://www.coindesk.com/layer2/2022/06/08/scaling-ethereum-beyond-the-merge-danksharding/",
      "Twitter": "@ethereum",
      "Followers": "3.45 M",
      "Following": "3.45 M",
      "Influence Index": "5366.0",
      "Team Members": "Vitalik Buterin (Founder), Joseph Lubin (Co-Founder), Amir Chetrit (Co-Founder), Mihai Alisie (Co-Founder), Charles Hoskinson (Co-Founder), Anthony Di Iorio (Co-Founder)",
      "Significant Events": "May, 2015 - Ethereum raised $ 500 K in funding round",
      "Similar Projects": "#Solana, #Conflux, #Tezos, #Hedera, #Internet Computer / Dfinity, #Kaia, #Algorand, #Celo"
    }
  ],
  "link": [
    {
      "source": "Project Node: Bitcoin BTC",
      "target": "Project Node: Ethereum ETH",
      "value": 100,
      "relationship": "simliar project"
    }
  ]
}