{
"nodes":[
  { "id":"Myriel",
    "group":1,
    "icon": "<svg t=\"1734164054237\" class=\"icon\" viewBox=\"0 0 1024 1024\" version=\"1.1\" xmlns=\"http:\/\/www.w3.org\/2000\/svg\" p-id=\"5044\" width=\"24\" height=\"24\"><path d=\"M942.427421 234.839536a17.254917 17.254917 0 1 0-28.988261 18.715833 475.626037 475.626037 0 0 1 76.013661 258.559181c0 263.229511-214.145024 477.386038-477.386038 477.386038s-477.386038-214.156527-477.386038-477.386038 214.145024-477.386038 477.386038-477.386039a475.683553 475.683553 0 0 1 166.659492 29.908523 17.254917 17.254917 0 0 0 12.055436-32.335714 511.964892 511.964892 0 1 0 251.64571 202.538216z\" fill=\"#ffffff\" p-id=\"5045\"><\/path><path d=\"M796.059711 128.365195a482.807533 482.807533 0 0 1 34.969965 28.562639 17.254917 17.254917 0 1 0 23.064073-25.663813c-11.963409-10.755565-24.571002-21.050999-37.47768-30.621726a17.256067 17.256067 0 1 0-20.556358 27.7229zM677.000784 172.181181l-68.352478-17.484983-28.574143 111.765849-50.395861-12.837658 28.574143-111.765849-68.858623-17.600016-28.217541 110.431469-133.207959-32.140158-18.750344 73.3449 58.563189 14.954262a27.607867 27.607867 0 0 1 19.912174 33.601075l-75.841112 296.70405a24.594008 24.594008 0 0 1-29.908523 17.738055l-48.026186-12.273998-33.359506 74.391699 133.714104 34.187742-28.067998 109.764279 67.86934 17.346944 28.067998-109.764279 50.395861 12.883671-28.067998 109.764279 68.352478 17.473479 27.941462-109.281141c117.333436 29.482902 211.349727 6.729418 238.773542-100.550153 26.917671-105.278001-32.945388-128.836714-62.508812-149.14 41.664873-13.26328 66.914568-29.908523 80.522946-83.214713 25.502767-99.76793-67.363196-150.232811-129.227826-166.049818z m-50.994032 476.005644c-16.323152 63.8662-100.57316 52.420438-203.861093 26.020415l37.500686-146.689801c118.748339 30.345647 183.166696 54.801617 166.360407 120.669386z m23.179105-217.492477c-11.698834 45.748537-47.692591 63.8662-172.928778 31.852577l34.268265-134.151229c88.828313 22.741981 152.993598 46.013112 138.660513 102.287148z\" fill=\"#ffffff\" p-id=\"5046\"><\/path><\/svg>",
    "name": "AaveAAVE",
    "daily_total_trading_volume": 0,
    "prices": 47.099,
    "volume": 13042.026,
    "ecology": "Bitcoin",
    "hyperlink": "https://www.rootdata.com/Projects/detail/BitcoinVM?k=MTEzNzQ%3D",
    "project_description": "Modular Bitcoin Layer2",
    "official_hyperlink_list": "https://www.bitcoinvm.network/, https://x.com/BitcoinVM_BVM, https://bitcoinvm.gitbook.io/bitcoinvm-docs/bitcoinvm/overview, https://bitcoinvm.medium.com/",
    "details": "BitcoinVM is a modular Bitcoin Layer2 Compatible with EVM. Backed by BakerySwap. Allow use BTC as gas & native currency and deploy customized Bitcoin Layer2 easily with BVM Stack.",
    "founded_date": "2023",
    "funders": ["Funder A", "Funder B"],
    "related_news_links": "https://bitcoinvm.medium.com/introducing-bitcoinvm-an-evm-compatible-bitcoin-layer2-3eab6f904393",
    "twitter_hyperlink": "",
    "followers": 0,
    "following": 0,
    "significant_events": [],
    "similar_projects": ["Eclipse", "Reya Network"],
    "aiscore": 0.48436,
    "explains": "{'feat0': {'feat': 'CDLENGULFING', 'data': [0.0]}, 'feat1': {'feat': 'MA_Ratio', 'data': [0.0197136545304307]}, 'feat2': {'feat': 'Month', 'data': [12.0]}, 'feat3': {'feat': 'pct_change', 'data': [-0.0076569678407351]}, 'feat4': {'feat': 'DayOfWeek', 'data': [3.0]}, 'feat5': {'feat': 'PR_MA_Ratio', 'data': [0.071641198650526]}, 'feat6': {'feat': 'Hourly', 'data': [0.0]}, 'feat7': {'feat': 'Z_score', 'data': [-0.7342218930121919]}, 'feat8': {'feat': 'MA_Ratio_short', 'data': [0.0254932164041136]}, 'feat9': {'feat': 'boll', 'data': [0.5361787302893662]}}",
    "address": "34xp4vRoCGJym3xR7yCVPFHoCNxv4Twseo",
    "amount": 248597.5321454,
    "symbol": "BTC",
    "transaction_count": 5253,
    "hold_ratio": 1.26,
    "category": "",
    "location": "Britain",
    "founded": "2017",
    "latest_investment": "2024-5-23",
    "round_1_year": "2",
    "portfolio": 5,
    "total_raised": 0
  }
  ,{
    "id":"Napoleon",
    "group":1,
    "icon": "<svg t=\"1734164329280\" class=\"icon\" viewBox=\"0 0 1024 1024\" version=\"1.1\" xmlns=\"http:\/\/www.w3.org\/2000\/svg\" p-id=\"7085\" width=\"24\" height=\"24\"><path d=\"M512 64.223v369.743l-267.095 83.14L512 64.223zM512 64.223v369.743l267.095 83.14L512 64.223zM512 959.777V702.502L244.905 555.207 512 959.777zM512 959.777V702.502l267.095-147.295L512 959.777z\" fill=\"#ffffff\" p-id=\"7086\"><\/path><path d=\"M244.905 517.106L512 392.986v255.311L244.905 517.106zM779.095 517.106L512 392.986v255.311l267.095-131.191z\" fill=\"#ffffff\" p-id=\"7087\"><\/path><\/svg>",
    "name": "CardanoADA",
    "daily_total_trading_volume": 0,
    "prices": 0.25698,
    "volume": 29567756.16,
    "ecology": "",
    "hyperlink": "https://www.rootdata.com/Projects/detail/Ethereum%20Follow%20Protocol?k=MTA4MTI%3D",
    "project_description": "The social graph for Ethereum",
    "official_hyperlink_list": "https://ethfollow.xyz/, https://x.com/ethfollowpr, https://docs.ethfollow.xyz/",
    "details": "Ethereum Follow Protocol is an onchain (L1 + L2s) social graph protocol for ethereum accounts designed to fit together with the other existing ethereum identity legos, like ENS. It can provide the social background of the Ethereum account, message contacts, suggestions based on friends' activities and other features.",
    "founded_date": "2023",
    "funders": ["Brantly Millegan"],
    "related_news_links": "",
    "twitter_hyperlink": "https://x.com/ethfollowpr",
    "followers": "2.78 K",
    "following": 3,
    "significant_events": [],
    "similar_projects": ["Lens Protocol", "Farcaster"],
    "aiscore": 0.7030428,
    "explains": "{'feat0': {'feat': 'CDLMARUBOZU', 'data': [0.0]}, 'feat1': {'feat': 'CDL2CROWS', 'data': [0.0]}, 'feat2': {'feat': 'CDLRISEFALL3METHODS', 'data': [0.0]}, 'feat3': {'feat': 'CDLHARAMICROSS', 'data': [0.0]}, 'feat4': {'feat': 'Hourly', 'data': [0.0]}, 'feat5': {'feat': 'CDLINVERTEDHAMMER', 'data': [0.0]}, 'feat6': {'feat': 'ULTOSC', 'data': [0.5936535312758997]}, 'feat7': {'feat': 'CDLDRAGONFLYDOJI', 'data': [0.0]}, 'feat8': {'feat': 'pct_change', 'data': [-0.0043928459366173]}, 'feat9': {'feat': 'zsVol', 'data': [-0.677670512240137]}}",
    "address": "bc1qgdjqv0av3q56jvd82tkdjpy7gdp9ut8tlqmgrpmv24sq90ecnvqqjwvw97",
    "amount": 168010.07694437,
    "symbol": "BTC",
    "transaction_count": 253,
    "hold_ratio": 0.85,
    "category": "",
    "location": "Britain",
    "founded": "2015",
    "latest_investment": "2023-6-15",
    "round_1_year": "0",
    "portfolio": 2,
    "total_raised": 0
  
  },{"id":"Mlle.Baptistine","group":1},{"id":"Mme.Magloire","group":1},{"id":"CountessdeLo","group":1},{"id":"Geborand","group":1},{"id":"Champtercier","group":1},{"id":"Cravatte","group":1},{"id":"Count","group":1},{"id":"OldMan","group":1},{"id":"Labarre","group":2},{"id":"Valjean","group":2},{"id":"Marguerite","group":3},{"id":"Mme.deR","group":2},{"id":"Isabeau","group":2},{"id":"Gervais","group":2},{"id":"Tholomyes","group":3},{"id":"Listolier","group":3},{"id":"Fameuil","group":3},{"id":"Blacheville","group":3},{"id":"Favourite","group":3},{"id":"Dahlia","group":3},{"id":"Zephine","group":3},{"id":"Fantine","group":3},{"id":"Mme.Thenardier","group":4},{"id":"Thenardier","group":4},{"id":"Cosette","group":5},{"id":"Javert","group":4},{"id":"Fauchelevent","group":0},{"id":"Bamatabois","group":2},{"id":"Perpetue","group":3},{"id":"Simplice","group":2},{"id":"Scaufflaire","group":2},{"id":"Woman1","group":2},{"id":"Judge","group":2},{"id":"Champmathieu","group":2},{"id":"Brevet","group":2},{"id":"Chenildieu","group":2},{"id":"Cochepaille","group":2},{"id":"Pontmercy","group":4},{"id":"Boulatruelle","group":6},{"id":"Eponine","group":4},{"id":"Anzelma","group":4},{"id":"Woman2","group":5},{"id":"MotherInnocent","group":0},{"id":"Gribier","group":0},{"id":"Jondrette","group":7},{"id":"Mme.Burgon","group":7},{"id":"Gavroche","group":8},{"id":"Gillenormand","group":5},{"id":"Magnon","group":5},{"id":"Mlle.Gillenormand","group":5},{"id":"Mme.Pontmercy","group":5},{"id":"Mlle.Vaubois","group":5},{"id":"Lt.Gillenormand","group":5},{"id":"Marius","group":8},{"id":"BaronessT","group":5},{"id":"Mabeuf","group":8},{"id":"Enjolras","group":8},{"id":"Combeferre","group":8},{"id":"Prouvaire","group":8},{"id":"Feuilly","group":8},{"id":"Courfeyrac","group":8},{"id":"Bahorel","group":8},{"id":"Bossuet","group":8},{"id":"Joly","group":8},{"id":"Grantaire","group":8},{"id":"MotherPlutarch","group":9},{"id":"Gueulemer","group":4},{"id":"Babet","group":4},{"id":"Claquesous","group":4},{"id":"Montparnasse","group":4},{"id":"Toussaint","group":5},{"id":"Child1","group":10},{"id":"Child2","group":10},{"id":"Brujon","group":4},{"id":"Mme.Hucheloup","group":8}],
"links":[
  {
    "source":"Napoleon",
    "target":"Myriel",
    "value":589,
    "transaction_hash": "b54b79a403b02b1e8d166181907fa20aaec7c9875ad2485975ae6c6e5797ce74"
  }
  
  ,{"source":"Mlle.Baptistine","target":"Myriel","value":8},{"source":"Mme.Magloire","target":"Myriel","value":10},{"source":"Mme.Magloire","target":"Mlle.Baptistine","value":6},{"source":"CountessdeLo","target":"Myriel","value":1},{"source":"Geborand","target":"Myriel","value":1},{"source":"Champtercier","target":"Myriel","value":1},{"source":"Cravatte","target":"Myriel","value":1},{"source":"Count","target":"Myriel","value":2},{"source":"OldMan","target":"Myriel","value":1},{"source":"Valjean","target":"Labarre","value":1},{"source":"Valjean","target":"Mme.Magloire","value":3},{"source":"Valjean","target":"Mlle.Baptistine","value":3},{"source":"Valjean","target":"Myriel","value":5},{"source":"Marguerite","target":"Valjean","value":1},{"source":"Mme.deR","target":"Valjean","value":1},{"source":"Isabeau","target":"Valjean","value":1},{"source":"Gervais","target":"Valjean","value":1},{"source":"Listolier","target":"Tholomyes","value":4},{"source":"Fameuil","target":"Tholomyes","value":4},{"source":"Fameuil","target":"Listolier","value":4},{"source":"Blacheville","target":"Tholomyes","value":4},{"source":"Blacheville","target":"Listolier","value":4},{"source":"Blacheville","target":"Fameuil","value":4},{"source":"Favourite","target":"Tholomyes","value":3},{"source":"Favourite","target":"Listolier","value":3},{"source":"Favourite","target":"Fameuil","value":3},{"source":"Favourite","target":"Blacheville","value":4},{"source":"Dahlia","target":"Tholomyes","value":3},{"source":"Dahlia","target":"Listolier","value":3},{"source":"Dahlia","target":"Fameuil","value":3},{"source":"Dahlia","target":"Blacheville","value":3},{"source":"Dahlia","target":"Favourite","value":5},{"source":"Zephine","target":"Tholomyes","value":3},{"source":"Zephine","target":"Listolier","value":3},{"source":"Zephine","target":"Fameuil","value":3},{"source":"Zephine","target":"Blacheville","value":3},{"source":"Zephine","target":"Favourite","value":4},{"source":"Zephine","target":"Dahlia","value":4},{"source":"Fantine","target":"Tholomyes","value":3},{"source":"Fantine","target":"Listolier","value":3},{"source":"Fantine","target":"Fameuil","value":3},{"source":"Fantine","target":"Blacheville","value":3},{"source":"Fantine","target":"Favourite","value":4},{"source":"Fantine","target":"Dahlia","value":4},{"source":"Fantine","target":"Zephine","value":4},{"source":"Fantine","target":"Marguerite","value":2},{"source":"Fantine","target":"Valjean","value":9},{"source":"Mme.Thenardier","target":"Fantine","value":2},{"source":"Mme.Thenardier","target":"Valjean","value":7},{"source":"Thenardier","target":"Mme.Thenardier","value":13},{"source":"Thenardier","target":"Fantine","value":1},{"source":"Thenardier","target":"Valjean","value":12},{"source":"Cosette","target":"Mme.Thenardier","value":4},{"source":"Cosette","target":"Valjean","value":31},{"source":"Cosette","target":"Tholomyes","value":1},{"source":"Cosette","target":"Thenardier","value":1},{"source":"Javert","target":"Valjean","value":17},{"source":"Javert","target":"Fantine","value":5},{"source":"Javert","target":"Thenardier","value":5},{"source":"Javert","target":"Mme.Thenardier","value":1},{"source":"Javert","target":"Cosette","value":1},{"source":"Fauchelevent","target":"Valjean","value":8},{"source":"Fauchelevent","target":"Javert","value":1},{"source":"Bamatabois","target":"Fantine","value":1},{"source":"Bamatabois","target":"Javert","value":1},{"source":"Bamatabois","target":"Valjean","value":2},{"source":"Perpetue","target":"Fantine","value":1},{"source":"Simplice","target":"Perpetue","value":2},{"source":"Simplice","target":"Valjean","value":3},{"source":"Simplice","target":"Fantine","value":2},{"source":"Simplice","target":"Javert","value":1},{"source":"Scaufflaire","target":"Valjean","value":1},{"source":"Woman1","target":"Valjean","value":2},{"source":"Woman1","target":"Javert","value":1},{"source":"Judge","target":"Valjean","value":3},{"source":"Judge","target":"Bamatabois","value":2},{"source":"Champmathieu","target":"Valjean","value":3},{"source":"Champmathieu","target":"Judge","value":3},{"source":"Champmathieu","target":"Bamatabois","value":2},{"source":"Brevet","target":"Judge","value":2},{"source":"Brevet","target":"Champmathieu","value":2},{"source":"Brevet","target":"Valjean","value":2},{"source":"Brevet","target":"Bamatabois","value":1},{"source":"Chenildieu","target":"Judge","value":2},{"source":"Chenildieu","target":"Champmathieu","value":2},{"source":"Chenildieu","target":"Brevet","value":2},{"source":"Chenildieu","target":"Valjean","value":2},{"source":"Chenildieu","target":"Bamatabois","value":1},{"source":"Cochepaille","target":"Judge","value":2},{"source":"Cochepaille","target":"Champmathieu","value":2},{"source":"Cochepaille","target":"Brevet","value":2},{"source":"Cochepaille","target":"Chenildieu","value":2},{"source":"Cochepaille","target":"Valjean","value":2},{"source":"Cochepaille","target":"Bamatabois","value":1},{"source":"Pontmercy","target":"Thenardier","value":1},{"source":"Boulatruelle","target":"Thenardier","value":1},{"source":"Eponine","target":"Mme.Thenardier","value":2},{"source":"Eponine","target":"Thenardier","value":3},{"source":"Anzelma","target":"Eponine","value":2},{"source":"Anzelma","target":"Thenardier","value":2},{"source":"Anzelma","target":"Mme.Thenardier","value":1},{"source":"Woman2","target":"Valjean","value":3},{"source":"Woman2","target":"Cosette","value":1},{"source":"Woman2","target":"Javert","value":1},{"source":"MotherInnocent","target":"Fauchelevent","value":3},{"source":"MotherInnocent","target":"Valjean","value":1},{"source":"Gribier","target":"Fauchelevent","value":2},{"source":"Mme.Burgon","target":"Jondrette","value":1},{"source":"Gavroche","target":"Mme.Burgon","value":2},{"source":"Gavroche","target":"Thenardier","value":1},{"source":"Gavroche","target":"Javert","value":1},{"source":"Gavroche","target":"Valjean","value":1},{"source":"Gillenormand","target":"Cosette","value":3},{"source":"Gillenormand","target":"Valjean","value":2},{"source":"Magnon","target":"Gillenormand","value":1},{"source":"Magnon","target":"Mme.Thenardier","value":1},{"source":"Mlle.Gillenormand","target":"Gillenormand","value":9},{"source":"Mlle.Gillenormand","target":"Cosette","value":2},{"source":"Mlle.Gillenormand","target":"Valjean","value":2},{"source":"Mme.Pontmercy","target":"Mlle.Gillenormand","value":1},{"source":"Mme.Pontmercy","target":"Pontmercy","value":1},{"source":"Mlle.Vaubois","target":"Mlle.Gillenormand","value":1},{"source":"Lt.Gillenormand","target":"Mlle.Gillenormand","value":2},{"source":"Lt.Gillenormand","target":"Gillenormand","value":1},{"source":"Lt.Gillenormand","target":"Cosette","value":1},{"source":"Marius","target":"Mlle.Gillenormand","value":6},{"source":"Marius","target":"Gillenormand","value":12},{"source":"Marius","target":"Pontmercy","value":1},{"source":"Marius","target":"Lt.Gillenormand","value":1},{"source":"Marius","target":"Cosette","value":21},{"source":"Marius","target":"Valjean","value":19},{"source":"Marius","target":"Tholomyes","value":1},{"source":"Marius","target":"Thenardier","value":2},{"source":"Marius","target":"Eponine","value":5},{"source":"Marius","target":"Gavroche","value":4},{"source":"BaronessT","target":"Gillenormand","value":1},{"source":"BaronessT","target":"Marius","value":1},{"source":"Mabeuf","target":"Marius","value":1},{"source":"Mabeuf","target":"Eponine","value":1},{"source":"Mabeuf","target":"Gavroche","value":1},{"source":"Enjolras","target":"Marius","value":7},{"source":"Enjolras","target":"Gavroche","value":7},{"source":"Enjolras","target":"Javert","value":6},{"source":"Enjolras","target":"Mabeuf","value":1},{"source":"Enjolras","target":"Valjean","value":4},{"source":"Combeferre","target":"Enjolras","value":15},{"source":"Combeferre","target":"Marius","value":5},{"source":"Combeferre","target":"Gavroche","value":6},{"source":"Combeferre","target":"Mabeuf","value":2},{"source":"Prouvaire","target":"Gavroche","value":1},{"source":"Prouvaire","target":"Enjolras","value":4},{"source":"Prouvaire","target":"Combeferre","value":2},{"source":"Feuilly","target":"Gavroche","value":2},{"source":"Feuilly","target":"Enjolras","value":6},{"source":"Feuilly","target":"Prouvaire","value":2},{"source":"Feuilly","target":"Combeferre","value":5},{"source":"Feuilly","target":"Mabeuf","value":1},{"source":"Feuilly","target":"Marius","value":1},{"source":"Courfeyrac","target":"Marius","value":9},{"source":"Courfeyrac","target":"Enjolras","value":17},{"source":"Courfeyrac","target":"Combeferre","value":13},{"source":"Courfeyrac","target":"Gavroche","value":7},{"source":"Courfeyrac","target":"Mabeuf","value":2},{"source":"Courfeyrac","target":"Eponine","value":1},{"source":"Courfeyrac","target":"Feuilly","value":6},{"source":"Courfeyrac","target":"Prouvaire","value":3},{"source":"Bahorel","target":"Combeferre","value":5},{"source":"Bahorel","target":"Gavroche","value":5},{"source":"Bahorel","target":"Courfeyrac","value":6},{"source":"Bahorel","target":"Mabeuf","value":2},{"source":"Bahorel","target":"Enjolras","value":4},{"source":"Bahorel","target":"Feuilly","value":3},{"source":"Bahorel","target":"Prouvaire","value":2},{"source":"Bahorel","target":"Marius","value":1},{"source":"Bossuet","target":"Marius","value":5},{"source":"Bossuet","target":"Courfeyrac","value":12},{"source":"Bossuet","target":"Gavroche","value":5},{"source":"Bossuet","target":"Bahorel","value":4},{"source":"Bossuet","target":"Enjolras","value":10},{"source":"Bossuet","target":"Feuilly","value":6},{"source":"Bossuet","target":"Prouvaire","value":2},{"source":"Bossuet","target":"Combeferre","value":9},{"source":"Bossuet","target":"Mabeuf","value":1},{"source":"Bossuet","target":"Valjean","value":1},{"source":"Joly","target":"Bahorel","value":5},{"source":"Joly","target":"Bossuet","value":7},{"source":"Joly","target":"Gavroche","value":3},{"source":"Joly","target":"Courfeyrac","value":5},{"source":"Joly","target":"Enjolras","value":5},{"source":"Joly","target":"Feuilly","value":5},{"source":"Joly","target":"Prouvaire","value":2},{"source":"Joly","target":"Combeferre","value":5},{"source":"Joly","target":"Mabeuf","value":1},{"source":"Joly","target":"Marius","value":2},{"source":"Grantaire","target":"Bossuet","value":3},{"source":"Grantaire","target":"Enjolras","value":3},{"source":"Grantaire","target":"Combeferre","value":1},{"source":"Grantaire","target":"Courfeyrac","value":2},{"source":"Grantaire","target":"Joly","value":2},{"source":"Grantaire","target":"Gavroche","value":1},{"source":"Grantaire","target":"Bahorel","value":1},{"source":"Grantaire","target":"Feuilly","value":1},{"source":"Grantaire","target":"Prouvaire","value":1},{"source":"MotherPlutarch","target":"Mabeuf","value":3},{"source":"Gueulemer","target":"Thenardier","value":5},{"source":"Gueulemer","target":"Valjean","value":1},{"source":"Gueulemer","target":"Mme.Thenardier","value":1},{"source":"Gueulemer","target":"Javert","value":1},{"source":"Gueulemer","target":"Gavroche","value":1},{"source":"Gueulemer","target":"Eponine","value":1},{"source":"Babet","target":"Thenardier","value":6},{"source":"Babet","target":"Gueulemer","value":6},{"source":"Babet","target":"Valjean","value":1},{"source":"Babet","target":"Mme.Thenardier","value":1},{"source":"Babet","target":"Javert","value":2},{"source":"Babet","target":"Gavroche","value":1},{"source":"Babet","target":"Eponine","value":1},{"source":"Claquesous","target":"Thenardier","value":4},{"source":"Claquesous","target":"Babet","value":4},{"source":"Claquesous","target":"Gueulemer","value":4},{"source":"Claquesous","target":"Valjean","value":1},{"source":"Claquesous","target":"Mme.Thenardier","value":1},{"source":"Claquesous","target":"Javert","value":1},{"source":"Claquesous","target":"Eponine","value":1},{"source":"Claquesous","target":"Enjolras","value":1},{"source":"Montparnasse","target":"Javert","value":1},{"source":"Montparnasse","target":"Babet","value":2},{"source":"Montparnasse","target":"Gueulemer","value":2},{"source":"Montparnasse","target":"Claquesous","value":2},{"source":"Montparnasse","target":"Valjean","value":1},{"source":"Montparnasse","target":"Gavroche","value":1},{"source":"Montparnasse","target":"Eponine","value":1},{"source":"Montparnasse","target":"Thenardier","value":1},{"source":"Toussaint","target":"Cosette","value":2},{"source":"Toussaint","target":"Javert","value":1},{"source":"Toussaint","target":"Valjean","value":1},{"source":"Child1","target":"Gavroche","value":2},{"source":"Child2","target":"Gavroche","value":2},{"source":"Child2","target":"Child1","value":3},{"source":"Brujon","target":"Babet","value":3},{"source":"Brujon","target":"Gueulemer","value":3},{"source":"Brujon","target":"Thenardier","value":3},{"source":"Brujon","target":"Gavroche","value":1},{"source":"Brujon","target":"Eponine","value":1},{"source":"Brujon","target":"Claquesous","value":1},{"source":"Brujon","target":"Montparnasse","value":1},{"source":"Mme.Hucheloup","target":"Bossuet","value":1},{"source":"Mme.Hucheloup","target":"Joly","value":1},{"source":"Mme.Hucheloup","target":"Grantaire","value":1},{"source":"Mme.Hucheloup","target":"Bahorel","value":1},{"source":"Mme.Hucheloup","target":"Courfeyrac","value":1},{"source":"Mme.Hucheloup","target":"Gavroche","value":1},{"source":"Mme.Hucheloup","target":"Enjolras","value":1}]
}