{
  "nodes": [
    {
      "id": "Project Node: Bitcoin BTC",
      "Rank": "1",
      "Name": "Bitcoin BTC",
      "Price": "$96,104",
      "Market Cap": "$1,906.88 B",
      "Trading Volume (24h)": "$ 84,328,909,967.014",
      "FDV": "$2,018.18 B",
      "Tag": "Digital Currency、PoW",
      "Hyperlink": "https://www.rootdata.com/Projects/detail/Bitcoin?k=Mg%3D%3D",
      "Logo URL": "https://public.rootdata.com/images/b6/1666341517173.jpg",
      "Description": "Decentralized digital currency",
      "Official Links": "https://bitcoin.org/, https://x.com/Bitcoin, https://github.com/bitcoin/bitcoin, https://bitcoin.org/bitcoin.pdf, https://coinmarketcap.com/currencies/bitcoin/, https://www.coingecko.com/en/coins/bitcoin, https://defillama.com/chain/Bitcoin",
      "Details": "Bitcoin is a decentralized digital currency without a central bank or single administrator. It can be sent from user to user on the peer-to-peer bitcoin network without the need for intermediaries. Transactions are verified by network nodes through cryptography and recorded in a public distributed ledger called a blockchain. The cryptocurrency was invented in 2008 by an unknown person or group of people using the name Satoshi Nakamoto. Its implementation was released as open-source software in 2009 and began to be used then.",
      "Founded Date": "2008",
      "Funders": "No record",
      "Ecology": "NaN",
      "Related News Links": "https://decrypt.co/227229/bitcoin-halving-live-new-era-btc, https://www.coindesk.com/markets/2024/03/04/bitcoin-tops-67k-nearing-silvers-138t-market-cap/?utm_medium=referral&utm_source=feedly&utm_campaign=headlines, https://www.coindesk.com/business/2024/01/10/bitcoin-etfs-win-sec-approval-bringing-easier-access-to-biggest-cryptocurrency/, https://messari.io/article/state-of-bitcoin-q4-2023, https://www.coindesk.com/tech/2023/12/06/bitcoin-cores-v260-upgrade-aims-to-impede-eavesdropping-tampering/?utm_medium=referral&utm_source=feedly&utm_campaign=headlines, https://www.theblock.co/post/265856/bitcoin-price-briefly-breaks-42000-back-to-pre-terra-crash-level, https://www.theblock.co/post/264627/bitcoin-price-breaks-past-38000-carried-on-by-etf-hype, https://cointelegraph.com/news/bitcoin-btc-price-breaks-34000-etf-excitement-grows",
      "Twitter": "@Bitcoin",
      "Followers": "6.8 M",
      "Following": "6.8 M",
      "Influence Index": "3705.0",
      "Team Members": "No record",
      "Significant Events": "Aug 25, 2017 - Bitcoin mainnet upgraded to support Segregated Witness",
      "Similar Projects": "#Litecoin, #Decred, #Bitcoin SV, #Verge, #Bitcoin Gold, #FACT0RN, #Raptoreum, #eCash"
    }, 
    {
      "id": "Project Node: Ethereum ETH",
      "Rank": "2",
      "Name": "Ethereum ETH",
      "Price": "$3,568.44",
      "Market Cap": "$431.04 B",
      "Trading Volume (24h)": "$ 47,367,072,904.068",
      "FDV": "$429.76 B",
      "Tag": "Infra、Layer1",
      "Hyperlink": "https://www.rootdata.com/Projects/detail/Ethereum?k=MTI%3D",
      "Logo URL": "https://public.rootdata.com/images/b6/1703249591096.jpg",
      "Description": "The first blockchain with smart contract functionality",
      "Official Links": "https://www.ethereum.org/, https://x.com/ethereum, https://github.com/ethereum/go-ethereum, https://github.com/ethereum/wiki/wiki/White-Paper, https://blog.ethereum.org/, https://coinmarketcap.com/currencies/ethereum/, https://www.coingecko.com/en/coins/ethereum, https://defillama.com/chain/Ethereum",
      "Details": "Ethereum is the first decentralized, open-source blockchain with smart contract functionality. It was initially described in a white paper by Vitalik Buterin in late 2013 and launched in 2015. This network serves as the foundation for an ecosystem of interoperable, decentralized applications (dApps) powered by token economies and automated smart contracts. Assets and applications designed on Ethereum are built with self-executing smart contracts that eliminate the need for a central authority or intermediary.  The network is powered by its native cryptocurrency ether (ETH), which is used to pay transaction fees. Ethereum has the characteristics of being open-source, programmable, private, and censorship-resistant, forming the backbone of a decentralized internet.",
      "Founded Date": "2013",
      "Funders": "Vitalik Buterin, Joseph Lubin, Amir Chetrit, Mihai Alisie, Charles Hoskinson, Anthony Di Iorio, Fenbushi Capital",
      "Ecology": "NaN",
      "Related News Links": "https://blockworks.co/news/ethereum-foundation-treasury-management-concerns, https://thedefiant.io/news/tradfi-and-fintech/u-s-securities-regulator-approves-spot-ether-etfs-in-landmark-decision, https://decrypt.co/221345/dencun-upgrade-goes-live-ushering-in-new-era-for-ethereum, https://www.theblock.co/post/274626/ether-options-monthly-trading-volume-hits-all-time-high-in-january, https://thedefiant.io/eth-s-supply-tags-new-post-merge-low-amid-surging-on-chain-activity, https://www.cnbc.com/2023/09/17/its-been-one-year-since-the-ethereum-merge-heres-how-the-network-is-doing-on-its-goals.html, https://www.coindesk.com/tech/2022/09/15/the-ethereum-merge-is-done-did-it-work/, https://www.coindesk.com/layer2/2022/06/08/scaling-ethereum-beyond-the-merge-danksharding/",
      "Twitter": "@ethereum",
      "Followers": "3.45 M",
      "Following": "3.45 M",
      "Influence Index": "5366.0",
      "Team Members": "Vitalik Buterin (Founder), Joseph Lubin (Co-Founder), Amir Chetrit (Co-Founder), Mihai Alisie (Co-Founder), Charles Hoskinson (Co-Founder), Anthony Di Iorio (Co-Founder)",
      "Significant Events": "May, 2015 - Ethereum raised $ 500 K in funding round",
      "Similar Projects": "#Solana, #Conflux, #Tezos, #Hedera, #Internet Computer / Dfinity, #Kaia, #Algorand, #Celo"
    },
    {
      "id": "Project Node: Litecoin LTC",
      "Rank": "21",
      "Name": "Litecoin LTC",
      "Price": "$96.9",
      "Market Cap": "$7.3 B",
      "Trading Volume (24h)": "$ 801,144,513.334",
      "FDV": "$8.13 B",
      "Tag": "Digital Currency、PoW",
      "Hyperlink": "https://www.rootdata.com/Projects/detail/Litecoin?k=Ng%3D%3D",
      "Logo URL": "https://public.rootdata.com/images/b15/1666342258719.jpg",
      "Description": "P2P digital currency for online payments",
      "Official Links": "https://litecoin.org/, https://x.com/litecoin, https://telegram.me/litecoin, https://github.com/litecoin-project/litecoin, https://coinmarketcap.com/currencies/litecoin/, https://www.coingecko.com/en/coins/litecoin",
      "Details": "Litecoin is a peer-to-peer digital currency for online payments. It is a global payment network that is fully decentralized, without any central authorities. Mathematics secures the network and gives individuals the power to control their own finances. Litecoin has faster transaction confirmation times and improved storage efficiency than the leading math-based currency. With strong industry support, trade volume and liquidity, Litecoin is a proven medium of commerce that complements Bitcoin.",
      "Founded Date": "2010",
      "Funders": "Charlie Lee",
      "Ecology": "NaN",
      "Related News Links": "https://www.coindesk.com/tech/2023/08/02/litecoin-undergoes-third-halving-in-milestone-for-12-year-old-blockchain/?utm_medium=referral&utm_source=feedly&utm_campaign=headlines, https://cointelegraph.com/news/major-south-korean-crypto-exchanges-delist-litecoin, https://www.gemini.com/cryptopedia/litecoin-vs-bitcoin-blockchain, https://grayscale.com/learn/an-introduction-to-litecoin/",
      "Twitter": "@litecoin",
      "Followers": "1.06 M",
      "Following": "1.06 M",
      "Influence Index": "1404.0",
      "Team Members": "Charlie Lee (Founder)",
      "Significant Events": "Oct 13, 2011 - Litecoin was live on mainnet",
      "Similar Projects": "#Bitcoin, #Decred, #Bitcoin SV, #Verge, #Bitcoin Gold, #FACT0RN, #Raptoreum, #eCash"
    },  
    {
      "id": "Project Node: Solana SOL",
      "Rank": "4",
      "Name": "Solana SOL",
      "Price": "$240.52",
      "Market Cap": "$114.27 B",
      "Trading Volume (24h)": "$ 6,622,969,144.561",
      "FDV": "$141.67 B",
      "Tag": "Infra、Layer1",
      "Hyperlink": "https://www.rootdata.com/Projects/detail/Solana?k=MTE3",
      "Logo URL": "https://public.rootdata.com/images/b15/1666364340995.jpg",
      "Description": "High performance underlying blockchain",
      "Official Links": "https://solana.com/, https://x.com/solana, https://t.me/solana, https://github.com/solana-labs, https://solana.com/solana-whitepaper.pdf, https://medium.com/solana-labs, https://coinmarketcap.com/currencies/solana/, https://www.coingecko.com/en/coins/solana, https://forums.solana.com/, https://defillama.com/chain/Solana",
      "Details": "Solana is a high-performance blockchain protocol designed to enable scalable, user-friendly applications for the world.",
      "Founded Date": "2017",
      "Funders": "Anatoly Yakovenko, Lily Liu, Raj Gokal, Austin Federa, Ben Sparango, Divya Agarwalla, Matt Sorg, Alexander Kehaya, Emmett Hollyer, Andreessen Horowitz, Polychain, Multicoin Capital, CMS Holdings, Delphi Digital, NGC Ventures, 1kx, Placeholder, Zee Prime Capital, Blockchange Ventures, GenBlock Capital, Ryze Labs, BlockTower Capital, Jump Trading, Big Brain Holdings, Reciprocal Ventures, TrueX, Compute Labs, Borderless Capital",
      "Ecology": "Sol",
      "Related News Links": "No record",
      "Twitter": "@solana",
      "Followers": "2.85 M",
      "Following": "2.85 M",
      "Influence Index": "4338.0",
      "Team Members": "Anatoly Yakovenko (Co-Founder and CEO), Lily Liu (Foundation Chairman), Raj Gokal (Co-Founder), Austin Federa (Head of Strategy), Ben Sparango (Head of BD), Divya Agarwalla (Head of Product), Matt Sorg (VP of Technology), Alexander Kehaya (Network Infrastructure Lead), Emmett Hollyer (General Manager)",
      "Significant Events": "Mar, 2020 - $SOL was live for trading",
      "Similar Projects": "#Ethereum, #Agoric, #Hedera, #Internet Computer / Dfinity, #Algorand, #Celo, #Aptos, #Sui"
   },
   {
    "id": "Project Node: Decred DCR",
    "Rank": "213",
    "Name": "Decred DCR",
    "Price": "$16.95",
    "Market Cap": "$279.19 M",
    "Trading Volume (24h)": "$ 3,572,540.22",
    "FDV": "$355.95 M",
    "Tag": "Digital Currency、PoW",
    "Hyperlink": "https://www.rootdata.com/Projects/detail/Decred?k=MTc%3D",
    "Logo URL": "https://public.rootdata.com/images/b15/1666343123031.jpg",
    "Description": "Cryptocurrency based on hybrid (PoW/PoS) consensus",
    "Official Links": "https://decred.org/, https://x.com/decredproject, https://t.me/decred, https://github.com/decred/decrediton, https://docs.decred.org/, https://medium.com/decred, https://coinmarketcap.com/currencies/decred/, https://www.coingecko.com/en/coins/decred, https://forum.decred.org/",
    "Details": "Decred is a hybrid proof-of-work and proof-of-stake (PoW/PoS) cryptocurrency that prioritizes community input, open governance, and sustainable funding for development. Its hybrid consensus and on-chain governance systems ensure that no single group can control the flow of transactions or make changes to Decred without the input of the community.",
    "Founded Date": "2013",
    "Funders": "Placeholder, Blockchain Capital, BlueYard Capital",
    "Ecology": "NaN",
    "Related News Links": "https://beincrypto.com/blockchain-reform-democracy-decred-co-founder/, https://www.gemini.com/cryptopedia/decred-mining-dcr-coin-decred-wallet-bitcoin-fork, https://www.cryptoninjas.net/2022/05/23/decred-blockchain-introduces-new-cross-chain-spv-based-wallet-godcr/, https://www.coindesk.com/markets/2018/10/16/decred-is-turning-its-entire-21-million-crypto-treasury-over-to-investors/",
    "Twitter": "@decredproject",
    "Followers": "54.42 K",
    "Following": "54.42 K",
    "Influence Index": "436.0",
    "Team Members": "No record",
    "Significant Events": "Feb, 2016 - $DCR was live for trading",
    "Similar Projects": "#Bitcoin, #Litecoin, #FACT0RN, #Bitcoin SV, #Verge, #Raptoreum, #eCash, #Bitcoin Gold"
  },
  {
    "id": "Project Node: Bitcoin SV BSV",
    "Rank": "66",
    "Name": "Bitcoin SV BSV",
    "Price": "$67.81",
    "Market Cap": "$1.34 B",
    "Trading Volume (24h)": "$ 121,754,218.259",
    "FDV": "$1.34 B",
    "Tag": "Digital Currency、PoW",
    "Hyperlink": "https://www.rootdata.com/Projects/detail/Bitcoin%20SV?k=MzI4",
    "Logo URL": "https://public.rootdata.com/images/b16/1666343897585.jpg",
    "Description": "BCH hard fork",
    "Official Links": "https://bitcoinsv.com/, https://x.com/BitcoinAssn, https://github.com/bitcoin-sv/bitcoin-sv, https://coinmarketcap.com/currencies/bitcoin-sv/, https://www.coingecko.com/en/coins/bitcoin-cash-sv",
    "Details": "Bitcoin SV is a hard fork of Bitcoin Cash, which prioritizes strict adherence to the original Bitcoin client created by Satoshi Nakamoto. It believes that low-cost peer-to-peer transactions are the core value of the network, and is committed to increasing block sizes and on-chain transaction throughput to achieve this goal.",
    "Founded Date": "2018",
    "Funders": "No record",
    "Ecology": "NaN",
    "Related News Links": "https://www.gemini.com/cryptopedia/bsv-what-is-bitcoin-sv#section-history-leading-up-to-bitcoin-sv, https://www.coindesk.com/markets/2019/04/15/binance-delists-bitcoin-sv-ceo-calls-craig-wright-a-fraud/, https://cointelegraph.com/news/abc-vs-cv-assessing-the-consequences-of-the-bitcoin-cash-war",
    "Twitter": "@BitcoinAssn",
    "Followers": "--",
    "Following": "--",
    "Influence Index": "20.0",
    "Team Members": "No record",
    "Significant Events": "Nov, 2018 - Bitcoin SV was live on mainnet",
    "Similar Projects": "#Bitcoin, #Litecoin, #Decred, #Verge, #Bitcoin Gold, #FACT0RN, #Raptoreum, #eCash"
  }
  ],
  "link": [
    {
      "source": "Project Node: Bitcoin BTC",
      "target": "Project Node: Litecoin LTC",
      "value": 100,
      "relationship": "simliar project"
    },
    {
        "source": "Project Node: Bitcoin BTC",
        "target": "Project Node: Decred DCR",
        "value": 100,
        "relationship": "simliar project"
    },
    {
        "source": "Project Node: Bitcoin BTC",
        "target": "Project Node: Bitcoin SV BSV",
        "value": 100,
        "relationship": "simliar project"
    },
    {
      "source": "Project Node: Ethereum ETH",
      "target": "Project Node: Solana SOL",
      "value": 100,
      "relationship": "simliar project"
    }
  ]
}